Case,ratio,ac,dc,PI_feature,slope,glucose
pre breakfast,1.122691,1057.321,119346.602,0.008888,0.161548,92
15 mins post- breakfast,1.10052,401.975,115306.289,0.003486,0.002667,101
1 hr POST-breakfast,1.127246,1064.891,115295.25,0.009244,0.06933,121
2 hr POST-breakfast,1.130205,584.477,119242.156,0.004902,0.080372,110
15mins POST-Lunch ,1.137293,739.021,121695.937,0.006063,0.079074,122
1hr POST-Lunch,1.145023,1797.024,113213.898,0.015804,0.286333,123
15 mins POST-toilet,1.110143,989.396,111432.008,0.008879,0.046158,112
1hr POST-Lunch,1.145023,1797.024,113213.898,0.015804,0.286333,123
pre,1.257787,327.918,137635.922,0.002383,0.040064,98
